Id,Label,generation -1,generation 0,generation 1,generation identifier
0,CASE OF LAUMONT v. FRANCE,False,False,True,1
1,CASE OF ĐORĐEVIĆ v. CROATIA,False,False,True,1
2,CASE OF WLOCH v. POLAND,False,False,True,1
3,CASE OF CELIKBILEK v. TURKEY,False,False,True,1
4,CASE OF ZHUKOVSKIYE v. RUSSIA,False,False,True,1
5,CASE OF FABRIS v. FRANCE,True,False,True,-1 1
6,CASE OF FYODOROV AND FYODOROVA v. UKRAINE,False,False,True,1
7,CASE OF VIAŞU v. ROMANIA,False,False,True,1
8,CASE OF KORPORATIVNA TARGOVSKA BANKA AD v. BULGARIA,True,False,False,-1
9,CASE OF DRIZA v. ALBANIA,True,False,True,-1 1
10,CASE OF KÜBLER v. GERMANY,False,False,True,1
11,CASE OF SABANCHIYEVA AND OTHERS v. RUSSIA,True,False,True,-1 1
12,CASE OF GILLOW v. THE UNITED KINGDOM (ARTICLE 50),False,False,True,1
13,CASE OF KURT v. TURKEY,False,False,True,1
14,CASE OF NÖLKENBOCKHOFF v. GERMANY,False,False,True,1
15,CASE OF BELEVITSKIY v. RUSSIA,False,False,True,1
16,CASE OF SALAH v. THE NETHERLANDS,False,False,True,1
17,CASE OF UYAN v. TURKEY (No. 2),True,False,False,-1
18,CASE OF M. AND OTHERS v. ITALY AND BULGARIA,True,False,False,-1
19,CASE OF HUTTEN-CZAPSKA v. POLAND,False,False,True,1
20,CASE OF PRINCE HANS-ADAM II OF LIECHTENSTEIN v. GERMANY,False,False,True,1
21,CASE OF GÜL v. TURKEY,False,False,True,1
22,CASE OF PANYUSHKINY v. RUSSIA,False,True,False,0
23,CASE OF KAMINSKAS v. LITHUANIA,False,True,True,0 1
24,CASE OF CHRISTINE GOODWIN v. THE UNITED KINGDOM,False,False,True,1
25,CASE OF AKKUŞ v. TURKEY,False,False,True,1
26,CASE OF ACHOUR v. FRANCE,False,False,True,1
27,CASE OF PAPACHELAS v. GREECE,False,False,True,1
28,CASE OF MICHAEL EDWARD COOKE v. AUSTRIA,False,False,True,1
29,CASE OF STOYCHEVA v. BULGARIA,False,False,True,1
30,CASE OF BOYLE AND RICE v. THE UNITED KINGDOM,False,False,True,1
31,CASE OF SILIADIN v. FRANCE,False,False,True,1
32,CASE OF AL-NASHIF v. BULGARIA,False,False,True,1
33,CASE OF DZHULAY v. UKRAINE,True,False,False,-1
34,CASE OF CHALKLEY v. THE UNITED KINGDOM,False,False,True,1
35,CASE OF SVITLANA ILCHENKO v. UKRAINE,True,False,False,-1
36,CASE OF SOYLU v. TURKEY,False,True,False,0
37,CASE OF ELIA SRL v. ITALY,False,False,True,1
38,CASE OF KUDREVIČIUS AND OTHERS v. LITHUANIA,True,False,False,-1
39,CASE OF ŽAJA v. CROATIA,True,False,False,-1
40,CASE OF VONTAS AND OTHERS v. GREECE,False,False,True,1
41,CASE OF TAXQUET v. BELGIUM,False,False,True,1
42,CASE OF NARODNI LIST D.D. v. CROATIA,False,False,True,1
43,CASE OF GNAHORE v. FRANCE,False,False,True,1
44,CASE OF MONTANARO GAUCI AND OTHERS v. MALTA,False,False,True,1
45,CASE OF GEORGIAN LABOUR PARTY v. GEORGIA,False,False,True,1
46,CASE OF TEJEDOR GARCÍA v. SPAIN,False,False,True,1
47,CASE OF W. v. THE UNITED KINGDOM (ARTICLE 50),False,False,True,1
48,CASE OF ADZHIGITOVA AND OTHERS v. RUSSIA,True,False,False,-1
49,CASE OF STEC AND OTHERS v. THE UNITED KINGDOM,False,False,True,1
50,CASE OF H.F. AND OTHERS v. FRANCE,True,False,False,-1
51,CASE OF AZINAS v. CYPRUS,False,False,True,1
52,CASE OF PİŞKİN v. TURKEY,True,False,False,-1
53,CASE OF ERGİ v. TURKEY,False,False,True,1
54,CASE OF ALTINOK v. TURKEY,True,False,False,-1
55,CASE OF NİHAYET ARICI AND OTHERS v. TURKEY,True,False,False,-1
56,CASE OF ZAGREBAČKA BANKA D.D. v. CROATIA,True,False,True,-1 1
57,CASE OF KESYAN v. RUSSIA,False,False,True,1
58,CASE OF HOTI v. CROATIA,True,False,False,-1
59,CASE OF KUDLA v. POLAND,False,False,True,1
60,CASE OF TUMELIAI v. LITHUANIA,False,False,True,1
61,CASE OF RADANOVIC v. CROATIA,False,False,True,1
62,CASE OF PÉLISSIER AND SASSI v. FRANCE,False,False,True,1
63,CASE OF MERABISHVILI v. GEORGIA,True,False,False,-1
64,CASE OF PROTSENKO v. RUSSIA,False,False,True,1
65,CASE OF ERTAK v. TURKEY,False,False,True,1
66,CASE OF VLADIMIR VASILYEV v. RUSSIA,True,False,False,-1
67,CASE OF GÖÇ v. TURKEY,False,False,True,1
68,CASE OF ELSHOLZ v. GERMANY,False,False,True,1
69,CASE OF TCHITCHINADZE v. GEORGIA,False,False,True,1
70,CASE OF TOĞCU v. TURKEY,True,False,False,-1
71,CASE OF C.G. AND OTHERS v. BULGARIA,False,False,True,1
72,CASE OF PINCOVÁ AND PINC v. THE CZECH REPUBLIC,False,False,True,1
73,CASE OF CROMPTON v. THE UNITED KINGDOM,False,False,True,1
74,CASE OF LESŁAW WÓJCIK v. POLAND,True,False,False,-1
75,CASE OF ASSENOV AND OTHERS v. BULGARIA,False,False,True,1
76,CASE OF JAĆIMOVIĆ v. CROATIA,False,False,True,1
77,CASE OF BRYAN v. THE UNITED KINGDOM,False,False,True,1
78,CASE OF HUDOROVIČ AND OTHERS v. SLOVENIA,True,False,False,-1
79,CASE OF MAUMOUSSEAU AND WASHINGTON v. FRANCE,False,False,True,1
80,CASE OF AKTIVA DOO v. SERBIA,True,False,False,-1
81,CASE OF LENEV v. BULGARIA,True,False,False,-1
82,CASE OF GROSS v. SWITZERLAND,False,False,True,1
83,CASE OF LACATUS v. SWITZERLAND,True,False,False,-1
84,CASE OF SAGHINADZE AND OTHERS v. GEORGIA,True,True,True,-1 0 1
85,CASE OF PLECHANOW v. POLAND,True,False,False,-1
86,CASE OF THE HOLY MONASTERIES v. GREECE (ARTICLE 50),False,False,True,1
87,CASE OF SHEFFIELD AND HORSHAM v. THE UNITED KINGDOM,False,False,True,1
88,CASE OF GÜLEÇ v. TURKEY,False,False,True,1
89,CASE OF MAESTRI v. ITALY,False,False,True,1
90,CASE OF NAVALNYY v. RUSSIA,True,False,False,-1
91,CASE OF ASSANIDZE v. GEORGIA,False,False,True,1
92,CASE OF BOZCAADA KIMISIS TEODOKU RUM ORTODOKS KILISESI VAKFI  v. TURKEY,False,False,True,1
93,CASE OF CHIRAGOV AND OTHERS v. ARMENIA,True,False,False,-1
94,CASE OF AKSAKAL v. TURKEY,False,True,False,0
95,CASE OF ERKNER AND HOFAUER v. AUSTRIA (ARTICLE 50),False,False,True,1
96,CASE OF LEE v. THE UNITED KINGDOM,False,True,True,0 1
97,CASE OF KINAY AND KINAY v. TURKEY,False,True,False,0
98,CASE OF GABLISHVILI v. RUSSIA,True,False,False,-1
99,CASE OF LARISA ZOLOTAREVA v. RUSSIA,False,True,False,0
100,CASE OF RADCHIKOV v. RUSSIA,False,False,True,1
101,CASE OF ALMEIDA FERREIRA AND MELO FERREIRA v. PORTUGAL,False,False,True,1
102,CASE OF J.A. PYE (OXFORD) LTD AND J.A. PYE (OXFORD) LAND LTD v. THE UNITED KINGDOM,False,False,True,1
103,CASE OF XHOXHAJ v. ALBANIA,True,False,False,-1
104,CASE OF KAMASINSKI v. AUSTRIA,False,False,True,1
105,CASE OF ZHIDOV AND OTHERS v. RUSSIA,True,False,False,-1
106,CASE OF ANDREY MEDVEDEV v. RUSSIA,False,True,False,0
107,CASE OF NATIONAL FEDERATION OF SPORTSPERSONS' ASSOCIATIONS AND UNIONS (FNASS) AND OTHERS v. FRANCE,True,False,False,-1
108,CASE OF MIAILHE v. FRANCE (No. 1),False,False,True,1
109,CASE OF LUSHKIN AND OTHERS v. RUSSIA,False,True,False,0
110,CASE OF OPUZ v. TURKEY,False,False,True,1
111,CASE OF PAVIC v. CROATIA,False,False,True,1
112,CASE OF PROKOPENKO v. RUSSIA,False,False,True,1
113,CASE OF Y AND OTHERS v. BULGARIA,True,False,False,-1
114,CASE OF GIACOMELLI v. ITALY,False,False,True,1
115,CASE OF MASKHADOVA AND OTHERS v. RUSSIA,True,False,False,-1
116,CASE OF TANRIKULU v. TURKEY,False,False,True,1
117,"CASE OF ALMEIDA GARRETT, MASCARENHAS FALCAO AND OTHERS v. PORTUGAL",False,False,True,1
118,CASE OF TURGUT AND OTHERS v. TURKEY,False,False,True,1
119,CASE OF DÖRY v. SWEDEN,False,False,True,1
120,CASE OF TRAVAŠ v. CROATIA,True,False,False,-1
121,CASE OF ORHAN v. TURKEY,False,False,True,1
122,CASE OF N.C. v. ITALY,False,False,True,1
123,CASE OF KARTOYEV AND OTHERS v. RUSSIA,True,False,False,-1
124,CASE OF MASSON AND VAN ZON v. THE NETHERLANDS,False,False,True,1
125,CASE OF ESKI v. AUSTRIA,False,False,True,1
126,CASE OF TERAZZI SRL v. ITALY,False,False,True,1
127,CASE OF ŞERİFE YİĞİT v. TURKEY,True,False,False,-1
128,CASE OF KLASS AND OTHERS v. GERMANY,False,False,True,1
129,CASE OF VUČKOVIĆ AND OTHERS v. SERBIA ,False,False,True,1
130,CASE OF HIRTU AND OTHERS v. FRANCE,True,False,True,-1 1
131,CASE OF DĂNOIU AND OTHERS v. ROMANIA,True,False,False,-1
132,CASE OF TIJARDOVIĆ v. CROATIA,False,True,False,0
133,CASE OF IMAKAYEVA v. RUSSIA,False,False,True,1
134,CASE OF NACHOVA AND OTHERS v. BULGARIA,False,False,True,1
135,CASE OF VOLODINA v. RUSSIA,False,False,True,1
136,CASE OF PLALAM S.P.A. v. ITALY,False,False,True,1
137,CASE OF DUDCHENKO v. RUSSIA,True,False,False,-1
138,CASE OF ZWIERZYNSKI v. POLAND,False,False,True,1
139,"CASE OF MATOS E SILVA, LDA., AND OTHERS v. PORTUGAL",False,False,True,1
140,CASE OF GJYLI v. ALBANIA,False,False,True,1
141,CASE OF ANDROSOV v. RUSSIA,False,False,True,1
142,CASE OF KROON AND OTHERS v. THE NETHERLANDS,False,False,True,1
143,CASE OF SOW v. BELGIUM,True,False,False,-1
144,CASE OF YELDASHEV v. RUSSIA,False,False,True,1
145,CASE OF JOKELA v. FINLAND,False,False,True,1
146,CASE OF TANLI v. TURKEY,False,False,True,1
147,CASE OF POLYAKOVA AND OTHERS v. RUSSIA,True,False,False,-1
148,CASE OF KERIMOVA AND OTHERS v. RUSSIA,True,False,False,-1
149,CASE OF SPADEA AND SCALABRINO v. ITALY,False,False,True,1
150,CASE OF FRUMKIN v. RUSSIA,True,False,False,-1
151,CASE OF AKDİVAR AND OTHERS v. TURKEY,False,True,False,0
152,CASE OF SHVIDKIYE v. RUSSIA,False,True,False,0
153,CASE OF MOSKAL v. POLAND,False,False,True,1
154,CASE OF MICALLEF v. MALTA,False,False,True,1
155,CASE OF OKYAY AND OTHERS  v. TURKEY,False,False,True,1
156,CASE OF McCANN AND OTHERS v. THE UNITED KINGDOM,False,False,True,1
157,CASE OF WIERZBICKI v. POLAND,False,False,True,1
158,CASE OF NAGMETOV v. RUSSIA,False,False,True,1
159,CASE OF SHMORGUNOV AND OTHERS v. UKRAINE,True,False,False,-1
160,CASE OF KEMAL BAYRAM v. TURKEY,True,False,False,-1
161,CASE OF MENTEŞE AND OTHERS v. TURKEY,True,True,False,-1 0
162,CASE OF MALAYEVY v. RUSSIA,False,True,False,0
163,CASE OF MULLAI AND OTHERS v. ALBANIA,False,False,True,1
164,CASE OF MOKRUSHINA v. RUSSIA,False,False,True,1
165,CASE OF YÖYLER v. TURKEY,False,True,True,0 1
166,CASE OF DZAUROVA v. RUSSIA,False,True,False,0
167,CASE OF EREMIA v. THE REPUBLIC OF MOLDOVA,False,False,True,1
168,CASE OF KLAAS v. GERMANY,False,False,True,1
169,CASE OF REMLI v. FRANCE,False,False,True,1
170,CASE OF CACAN v. TURKEY,True,True,True,-1 0 1
171,CASE OF J. AND OTHERS v. AUSTRIA,False,False,True,1
172,CASE OF ARKHESTOV AND OTHERS v. RUSSIA,True,False,False,-1
173,CASE OF RAFIG ALIYEV v. AZERBAIJAN,True,False,False,-1
174,CASE OF ADEM YILMAZ AND OTHERS v. TURKEY,True,False,False,-1
175,CASE OF BOTTA v. ITALY,False,False,True,1
176,CASE OF HASAN İLHAN v. TURKEY,True,True,False,-1 0
177,CASE OF BURDEN AND BURDEN v. THE UNITED KINGDOM,True,False,False,-1
178,CASE OF IATRIDIS v. GREECE (ARTICLE 41),False,False,True,1
179,CASE OF RADIO FRANCE AND OTHERS v. FRANCE,False,False,True,1
180,CASE OF CENTRO EUROPA 7 S.R.L. AND DI STEFANO v. ITALY,False,False,True,1
181,CASE OF CHORNENKO v. UKRAINE,False,True,False,0
182,CASE OF SERKOV v. UKRAINE,False,False,True,1
183,CASE OF KAYA v. TURKEY,False,False,True,1
184,CASE OF IGOR VASILCHENKO v. RUSSIA,False,True,True,0 1
185,CASE OF THE UNITED MACEDONIAN ORGANISATION ILINDEN AND OTHERS v. BULGARIA,True,False,False,-1
186,CASE OF PINKAS AND OTHERS v. BOSNIA AND HERZEGOVINA,True,False,False,-1
187,CASE OF TEPE v. TURKEY,False,False,True,1
188,CASE OF IVAKHNENKO v. RUSSIA,True,False,False,-1
189,CASE OF PCHELINTSEVA AND OTHERS v. RUSSIA,False,False,True,1
190,CASE OF M.K. v. FRANCE,True,False,False,-1
191,CASE OF HODE AND ABDI v. THE UNITED KINGDOM,True,False,False,-1
192,CASE OF GUBERINA v. CROATIA,True,False,True,-1 1
193,CASE OF SALOMONSSON v. SWEDEN,False,False,True,1
194,CASE OF JAHN AND OTHERS v. GERMANY,False,False,True,1
195,CASE OF ÁDÁM AND OTHERS v. ROMANIA,True,False,False,-1
196,CASE OF DEMADES v. TURKEY,False,False,True,1
197,CASE OF SCORDINO v. ITALY (No. 1),False,False,True,1
198,CASE OF DOLIŃSKA-FICEK AND OZIMEK v. POLAND,True,False,False,-1
199,CASE OF VAN HOUTEN v. THE NETHERLANDS,False,False,True,1
200,CASE OF PHILIS v. GREECE,False,False,True,1
201,CASE OF KYRTATOS v. GREECE,False,False,True,1
202,CASE OF GEREKSAR AND OTHERS v. TURKEY,True,False,False,-1
203,CASE OF WINTERWERP v. THE NETHERLANDS (ARTICLE 50),False,False,True,1
204,CASE OF KEEGAN v. IRELAND,False,False,True,1
205,CASE OF ALTAY v. TURKEY (No. 2),False,False,True,1
206,CASE OF S. AND MARPER v. THE UNITED KINGDOM,True,False,True,-1 1
207,CASE OF PRETTY v. THE UNITED KINGDOM,False,False,True,1
208,CASE OF TALAT TEPE v. TURKEY,True,False,False,-1
209,CASE OF ANGELOVA AND ILIEV v. BULGARIA,False,False,True,1
210,CASE OF NOSOV AND OTHERS v. RUSSIA,True,False,False,-1
211,CASE OF IVASHCHENKO v. RUSSIA,True,False,False,-1
212,CASE OF WAGNER AND J.M.W.L. v. LUXEMBOURG,False,False,True,1
213,CASE OF LOQUIFER v. BELGIUM,True,False,False,-1
214,CASE OF MOCANU AND OTHERS v. ROMANIA,True,False,False,-1
215,"CASE OF DE WILDE, OOMS AND VERSYP v. BELGIUM (ARTICLE 50)",False,False,True,1
216,CASE OF BRITISH-AMERICAN TOBACCO COMPANY LTD v. THE NETHERLANDS,False,False,True,1
217,CASE OF KONTSEVYCH v. UKRAINE,False,True,True,0 1
218,CASE OF ÖNERYILDIZ v. TURKEY,False,False,True,1
219,CASE OF DACHAR v. FRANCE,False,False,True,1
220,CASE OF RADOMILJA AND OTHERS v. CROATIA,True,False,True,-1 1
221,CASE OF SHANAGHAN v. THE UNITED KINGDOM,False,False,True,1
222,CASE OF AHMADOVA v. AZERBAIJAN,True,False,False,-1
223,"CASE OF SAMPANI AND OTHERS v. GREECE - [English Translation] by European Roma Rights Centre ""ERRC""",True,False,False,-1
224,CASE OF ARNABOLDI v. ITALY,True,False,False,-1
225,CASE OF AKMAN v. TURKEY,False,False,True,1
226,CASE OF GUBIYEV v. RUSSIA,True,False,False,-1
227,CASE OF ANGELOV AND OTHERS v. BULGARIA,False,False,True,1
228,CASE OF SAGVOLDEN v. NORWAY,False,True,True,0 1
229,CASE OF BUTERLEVIČIŪTĖ v. LITHUANIA,False,False,True,1
230,CASE OF OLIARI AND OTHERS v. ITALY,False,False,True,1
231,CASE OF PYRANTIENĖ v. LITHUANIA,True,False,False,-1
232,CASE OF ŠKRTIĆ v. CROATIA,False,True,True,0 1
233,CASE OF BURDEN v. THE UNITED KINGDOM,False,False,True,1
234,CASE OF LAVRECHOV v. THE CZECH REPUBLIC,True,False,False,-1
235,CASE OF ALIYEVA AND OTHERS v. AZERBAIJAN,True,False,False,-1
236,CASE OF RAYLYAN v. RUSSIA,False,False,True,1
237,CASE OF TAHSIN ACAR v. TURKEY,False,False,True,1
238,CASE OF S.S. AND M.Y. v. TURKEY,True,False,False,-1
239,CASE OF BENZER AND OTHERS v. TURKEY,True,False,False,-1
240,CASE OF FENER RUM PATRİKLİĞİ (ECUMENICAL PATRIARCHY) v. TURKEY,False,False,True,1
241,CASE OF BIONDIC v. CROATIA,False,False,True,1
242,CASE OF YAŞA v. TURKEY,False,False,True,1
243,CASE OF BILGIN v. TURKEY,False,False,True,1
244,CASE OF PĂDURARU v. ROMANIA,True,False,False,-1
245,CASE OF LEVCHUK v. UKRAINE,True,True,False,-1 0
246,CASE OF GESTUR JÓNSSON AND RAGNAR HALLDÓR HALL v. ICELAND,True,False,False,-1
247,CASE OF MAGYAR HELSINKI BIZOTTSÁG v. HUNGARY,True,False,False,-1
248,CASE OF PYLAYEVY v. RUSSIA,False,True,False,0
249,CASE OF HOPPE v. GERMANY,False,False,True,1
250,CASE OF JANE SMITH v. THE UNITED KINGDOM,False,True,True,0 1
251,CASE OF PAUL AND AUDREY EDWARDS v. THE UNITED KINGDOM,False,False,True,1
252,CASE OF NUUTINEN v. FINLAND,False,False,True,1
253,CASE OF STES COLAS EST AND OTHERS v. FRANCE,False,False,True,1
254,CASE OF J.M. v. THE UNITED KINGDOM,True,False,False,-1
255,CASE OF ROHLENA v. THE CZECH REPUBLIC,False,False,True,1
256,CASE OF KAKOULLI v. TURKEY,True,False,False,-1
257,CASE OF CASARIN v. ITALY,True,False,False,-1
258,CASE OF HOKKANEN v. FINLAND,False,False,True,1
259,CASE OF ALDEGUER TOMÁS v. SPAIN,True,False,False,-1
260,CASE OF PASQUINI v. SAN MARINO,True,False,False,-1
261,CASE OF VASILESCU v. ROMANIA,False,False,True,1
262,CASE OF KESER AND OTHERS v. TURKEY,True,True,False,-1 0
263,CASE OF PETAR MATAS v. CROATIA,True,False,False,-1
264,CASE OF BLECIC v. CROATIA,False,True,True,0 1
265,CASE OF BISTROVIC v. CROATIA,True,False,False,-1
266,CASE OF AYDIN v. TURKEY,False,False,True,1
267,CASE OF SAKHVADZE v. RUSSIA,True,False,False,-1
268,CASE OF İPEK v. TURKEY,False,False,True,1
269,CASE OF SUBBOTKIN v. RUSSIA,False,False,True,1
270,CASE OF MALINOVSKIY v. RUSSIA,False,False,True,1
271,CASE OF V.M. AND OTHERS v. BELGIUM,True,False,False,-1
272,CASE OF FLERI SOLER AND CAMILLERI v. MALTA,False,False,True,1
273,CASE OF KOZACIOĞLU v. TURKEY,False,False,True,1
274,CASE OF PSHENICHNYY v. RUSSIA,False,False,True,1
275,CASE OF ABDULKHAKOV v. RUSSIA,True,False,False,-1
276,CASE OF B. v. THE REPUBLIC OF MOLDOVA,False,False,True,1
277,CASE OF BRUMARESCU v. ROMANIA (ARTICLE 41),False,False,True,1
278,CASE OF CYPRUS v. TURKEY,False,False,True,1
279,CASE OF MIKOLAJOVA v. SLOVAKIA,True,False,False,-1
280,CASE OF SIERPINSKI v. POLAND,True,False,False,-1
281,CASE OF JOKŠAS v. LITHUANIA,True,False,False,-1
282,CASE OF MEIDANIS v. GREECE,True,False,False,-1
283,CASE OF KHAYLO v. UKRAINE,False,False,True,1
284,CASE OF S.L. v. AUSTRIA,False,False,True,1
285,CASE OF STYRANOWSKI v. POLAND,False,False,True,1
286,CASE OF SERGHIDES AND CHRISTOFOROU v. CYPRUS,False,False,True,1
287,CASE OF MICROINTELECT OOD v. BULGARIA,True,False,False,-1
288,CASE OF ASSOCIATION FOR EUROPEAN INTEGRATION AND HUMAN RIGHTS AND EKIMDZHIEV v. BULGARIA,False,False,True,1
289,CASE OF RAMADHI AND OTHERS v. ALBANIA,True,False,False,-1
290,CASE OF B.G. AND OTHERS v. FRANCE,True,False,False,-1
291,CASE OF MANUSHAQE PUTO AND OTHERS v. ALBANIA,False,False,True,1
292,CASE OF BĂLȘAN v. ROMANIA,False,False,True,1
293,CASE OF KRYVITSKA AND KRYVITSKYY v. UKRAINE,True,True,True,-1 0 1
294,CASE OF WAITE AND KENNEDY v. GERMANY,False,False,True,1
295,CASE OF POPOV AND OTHERS v. RUSSIA,True,True,True,-1 0 1
296,CASE OF MINDEK v. CROATIA,False,False,True,1
297,CASE OF MALHOUS v. THE CZECH REPUBLIC,False,False,True,1
298,CASE OF TSALKITZIS v. GREECE (No. 2),True,False,False,-1
299,CASE OF ALEKSEYEV v. RUSSIA,True,False,False,-1
300,CASE OF BRUNCRONA v. FINLAND,False,False,True,1
301,CASE OF DOKIĆ v. BOSNIA AND HERZEGOVINA,False,False,True,1
302,CASE OF A. v. THE UNITED KINGDOM,False,False,True,1
303,CASE OF NADA v. SWITZERLAND,True,False,True,-1 1
304,CASE OF LIU v. RUSSIA (No. 2),True,False,False,-1
305,CASE OF YORDANOVA AND OTHERS v. BULGARIA,True,True,True,-1 0 1
306,CASE OF KALASHNIKOV v. RUSSIA,False,False,True,1
307,CASE OF SHPAKOVSKIY v. RUSSIA,False,False,True,1
308,CASE OF SALIBA v. MALTA,False,False,True,1
309,CASE OF YOH-EKALE MWANJE v. BELGIUM,True,False,False,-1
310,CASE OF AHMET ÖZKAN AND OTHERS v. TURKEY,False,True,True,0 1
311,CASE OF FOCIAC v. ROMANIA,False,False,True,1
312,CASE OF GIZZATOVA v. RUSSIA,False,False,True,1
313,CASE OF SAMIJA  v. CROATIA,True,False,False,-1
314,CASE OF N.H. AND OTHERS v. FRANCE,True,False,False,-1
315,CASE OF ALIVERDIYEV v. RUSSIA,False,True,False,0
316,CASE OF GHAILAN AND OTHERS v. SPAIN,False,True,False,0
317,AFFAIRE DIMICI c. TURQUIE,True,False,False,-1
318,CASE OF ANGUELOVA v. BULGARIA,False,False,True,1
319,CASE OF DULAŞ v. TURKEY,False,False,True,1
320,CASE OF RINAU v. LITHUANIA,True,False,False,-1
321,CASE OF POISS v. AUSTRIA (ARTICLE 50),False,False,True,1
322,CASE OF KUCHAR AND STIS v. THE CZECH REPUBLIC,False,False,True,1
323,CASE OF SPORRONG AND LÖNNROTH v. SWEDEN (ARTICLE 50),False,False,True,1
324,CASE OF LUORDO v. ITALY,False,False,True,1
325,CASE OF MURRAY v. THE UNITED KINGDOM,False,False,True,1
326,CASE OF MURAT SATIK AND OTHERS v. TURKEY,False,False,True,1
327,CASE OF VINNIYCHUK v. UKRAINE,False,True,True,0 1
328,CASE OF ANONYMOS TOURISTIKI ETAIRIA XENODOCHEIA KRITIS v. GREECE,False,False,True,1
329,CASE OF RIZHAMADZE v. GEORGIA,False,False,True,1
330,CASE OF IVINOVIĆ v. CROATIA,True,False,False,-1
331,CASE OF SÖDERMAN v. SWEDEN,False,False,True,1
332,CASE OF BELOUSOV v. RUSSIA,True,False,False,-1
333,CASE OF ELÇI AND OTHERS v. TURKEY,False,False,True,1
334,CASE OF BATIASHVILI v. GEORGIA,True,False,False,-1
335,CASE OF NEGREPONTIS-GIANNISIS v. GREECE,True,False,False,-1
336,CASE OF ÖLMEZ AND OTHERS v. TURKEY,True,False,False,-1
337,CASE OF DIMOV AND OTHERS v. BULGARIA,True,False,False,-1
338,CASE OF KORBELY v. HUNGARY,False,False,True,1
339,CASE OF FADEYEVA v. RUSSIA,False,False,True,1
340,CASE OF ADVANCE PHARMA SP. Z O.O v. POLAND,True,False,False,-1
341,CASE OF AMATO GAUCI v. MALTA,False,False,True,1
342,CASE OF ANIMAL DEFENDERS INTERNATIONAL v. THE UNITED KINGDOM,False,False,True,1
343,CASE OF USTYANTSEV v. UKRAINE,True,False,False,-1
344,CASE OF MUSA TARHAN v. TURKEY,True,False,False,-1
345,CASE OF BRONIOWSKI v. POLAND,False,False,True,1
346,CASE OF KONTROVA v. SLOVAKIA,False,False,True,1
347,CASE OF AKSOY v. TURKEY,False,False,True,1
348,CASE OF LITVINOVA v. RUSSIA,False,False,True,1
349,CASE OF AKIMOVA v. AZERBAIJAN,False,False,True,1
350,CASE OF KOZAK v. POLAND,False,True,False,0
351,CASE OF PRENCIPE v. MONACO,False,False,True,1
352,CASE OF MAJSKI v. CROATIA,True,False,False,-1
353,CASE OF HARDY AND MAILE v. THE UNITED KINGDOM,False,False,True,1
354,CASE OF GARCÍA RUIZ v. SPAIN,False,False,True,1
355,CASE OF SERRILLI v. ITALY,False,False,True,1
356,CASE OF KHAMIDOV v. RUSSIA,False,False,True,1
357,CASE OF OLYMBIOU v. TURKEY,False,False,True,1
358,CASE OF GASHI v. CROATIA,False,False,True,1
359,CASE OF NERVA AND OTHERS v. THE UNITED KINGDOM,False,False,True,1
360,CASE OF MAGNITSKIY AND OTHERS v. RUSSIA,True,False,False,-1
361,CASE OF STICHTING LANDGOED STEENBERGEN AND OTHERS v. THE NETHERLANDS,True,False,False,-1
362,CASE OF MOLDOVAN AND OTHERS  v. ROMANIA (No. 2),False,False,True,1
363,CASE OF SÁNDOR VARGA AND OTHERS v. HUNGARY,True,False,False,-1
364,CASE OF ENUKIDZE AND GIRGVLIANI v. GEORGIA,True,False,False,-1
365,CASE OF HIRO BALANI v. SPAIN,False,False,True,1
366,CASE OF IRELAND v. THE UNITED KINGDOM,False,False,True,1
367,CASE OF VLASOV v. RUSSIA,False,False,True,1
368,CASE OF ANEVA AND OTHERS v. BULGARIA,True,False,False,-1
369,CASE OF PAPAMICHALOPOULOS AND OTHERS v. GREECE,False,False,True,1
370,CASE OF MORENO GÓMEZ v. SPAIN,False,False,True,1
371,CASE OF TĂNASE v. MOLDOVA,True,False,False,-1
372,CASE OF LUPSA v. ROMANIA,False,False,True,1
373,CASE OF MILLER v. SWEDEN,False,False,True,1
374,CASE OF KHALIKOVA v. AZERBAIJAN,False,False,True,1
375,CASE OF SURUGIU v. ROMANIA,False,False,True,1
376,CASE OF MACINKOVIC v. CROATIA,True,False,False,-1
377,CASE OF ALEKSEYEV AND OTHERS v. RUSSIA,True,False,False,-1
378,CASE OF ILHAN v. TURKEY,False,False,True,1
379,CASE OF PAULIC v. CROATIA,True,True,True,-1 0 1
380,CASE OF AYDER AND OTHERS v. TURKEY,False,False,True,1
381,CASE OF VELIKOVI AND OTHERS v. BULGARIA,False,False,True,1
382,CASE OF VAN OOSTERWIJCK v. BELGIUM,False,False,True,1
383,"CASE OF ASLLANI v. ""THE FORMER YUGOSLAV REPUBLIC OF MACEDONIA""",True,False,False,-1
384,CASE OF HANDYSIDE v. THE UNITED KINGDOM,False,False,True,1
385,CASE OF K. AND T. v. FINLAND,False,False,True,1
386,CASE OF X AND OTHERS v. AUSTRIA,True,False,False,-1
387,CASE OF CIVET v. FRANCE,False,False,True,1
388,CASE OF AZIMOV v. RUSSIA,True,False,False,-1
389,CASE OF ANNA POPOVA v. RUSSIA,True,False,False,-1
390,CASE OF CARSON AND OTHERS v. THE UNITED KINGDOM,False,False,True,1
391,CASE OF GAYGUSUZ v. AUSTRIA,False,False,True,1
392,CASE OF MATELJAN v. CROATIA,False,True,False,0
393,CASE OF KRISTIANA LTD. v. LITHUANIA,False,False,True,1
394,CASE OF HAMER v. BELGIUM [Extracts],False,False,True,1
395,CASE OF PEERS v. GREECE,False,False,True,1
396,"CASE OF P., C. AND S. v. THE UNITED KINGDOM",False,False,True,1
397,CASE OF L.E. v. GREECE,True,False,False,-1
398,CASE OF DAMJANAC v. CROATIA,True,False,False,-1
399,CASE OF SILVA BARREIRA JÚNIOR v. PORTUGAL,False,False,True,1
400,CASE OF BUDINOVA AND CHAPRAZOV v. BULGARIA,True,False,False,-1
401,CASE OF LABZOV v. RUSSIA,True,False,False,-1
402,CASE OF BRUALLA GÓMEZ DE LA TORRE v. SPAIN,False,False,True,1
403,CASE OF BERGER-KRALL AND OTHERS v. SLOVENIA,True,True,False,-1 0
404,CASE OF BAUMANN v. FRANCE,False,False,True,1
405,CASE OF BEARD v. THE UNITED KINGDOM,False,True,True,0 1
406,CASE OF CLIFT v. THE UNITED KINGDOM,True,False,False,-1
407,CASE OF SELMOUNI v. FRANCE,False,False,True,1
408,CASE OF VASKRSIĆ v. SLOVENIA,True,False,False,-1
409,CASE OF HRISTOZOV AND OTHERS v. BULGARIA ,True,False,False,-1
410,CASE OF HALABI v. FRANCE,True,False,False,-1
411,CASE OF NESHKOV AND OTHERS v. BULGARIA,False,False,True,1
412,CASE OF LEBEDEV v. RUSSIA,True,False,False,-1
413,CASE OF J.B. v. SWITZERLAND,False,False,True,1
414,CASE OF LASHMANKIN AND OTHERS v. RUSSIA,True,False,False,-1
415,CASE OF DAVYDOV AND OTHERS v. UKRAINE,True,False,False,-1
416,CASE OF PREDESCU v. ROMANIA,False,False,True,1
417,CASE OF COSTER v. THE UNITED KINGDOM,False,True,True,0 1
418,"CASE OF FOX, CAMPBELL AND HARTLEY v. THE UNITED KINGDOM (ARTICLE 50)",False,False,True,1
419,CASE OF MATYAR v. TURKEY,False,False,True,1
420,CASE OF KOTOV v. RUSSIA,True,False,False,-1
421,CASE OF TRGO v. CROATIA,False,False,True,1
422,CASE OF VALERIY SAMOYLOV v. RUSSIA,True,False,False,-1
423,CASE OF SEJDOVIC v. ITALY,False,False,True,1
424,CASE OF MARONEK v. SLOVAKIA,False,False,True,1
425,CASE OF SOFLETEA v. ROMANIA,False,False,True,1
426,CASE OF OKÇUOGLU v. TURKEY,False,False,True,1
427,CASE OF MAHMUT KAYA v. TURKEY,False,False,True,1
428,CASE OF ALLAN JACOBSSON v. SWEDEN (No. 1),False,False,True,1
429,CASE OF SCHÄDLER-EBERLE v. LIECHTENSTEIN,False,False,True,1
430,CASE OF BJEDOV v. CROATIA,True,True,True,-1 0 1
431,CASE OF GEORGIA v. RUSSIA (II),True,False,False,-1
432,CASE OF NURETTIN ALDEMIR AND OTHERS v. TURKEY,True,False,False,-1
433,CASE OF ZARB ADAMI v. MALTA,False,False,True,1
434,CASE OF D.H. AND OTHERS v. THE CZECH REPUBLIC,True,False,True,-1 1
435,CASE OF KUMRU YILMAZ AND OTHERS v. TURKEY,True,True,False,-1 0
436,CASE OF SARGSYAN v. AZERBAIJAN,True,False,True,-1 1
437,CASE OF PIERSACK v. BELGIUM (ARTICLE 50),False,False,True,1
438,CASE OF TUZEL v. TURKEY,True,False,False,-1
439,CASE OF NURİ KURT v. TURKEY,True,True,True,-1 0 1
440,CASE OF KOT v. RUSSIA,False,False,True,1
441,CASE OF LEKIĆ v. SLOVENIA,True,False,False,-1
442,CASE OF GORRAIZ LIZARRAGA AND OTHERS v. SPAIN,False,False,True,1
443,CASE OF SHARXHI AND OTHERS v. ALBANIA,False,True,False,0
444,CASE OF GHAVTADZE v. GEORGIA,False,False,True,1
445,CASE OF X v. TURKEY,True,False,False,-1
446,CASE OF MEHMET EMİN YÜKSEL v. TURKEY,True,False,False,-1
447,CASE OF VINCIC AND OTHERS v. SERBIA,False,False,True,1
448,CASE OF SOERING v. THE UNITED KINGDOM,False,False,True,1
449,CASE OF CVIJETIĆ v. CROATIA,False,True,True,0 1
450,CASE OF GARIB v. THE NETHERLANDS,True,False,True,-1 1
451,CASE OF FLORIN IONESCU v. ROMANIA,False,False,True,1
452,CASE OF ULKU EKINCI v. TURKEY,False,False,True,1
453,CASE OF DUDGEON v. THE UNITED KINGDOM (ARTICLE 50),False,False,True,1
454,CASE OF SEJDIĆ AND FINCI v. BOSNIA AND HERZEGOVINA,False,False,True,1
455,CASE OF CENTRE FOR LEGAL RESOURCES ON BEHALF OF VALENTIN CÂMPEANU v. ROMANIA,False,False,True,1
456,CASE OF KANALA v. SLOVAKIA,False,False,True,1
457,CASE OF TAŞ v. TURKEY,False,False,True,1
458,CASE OF BEIZARAS AND LEVICKAS v. LITHUANIA,True,False,False,-1
459,CASE OF SMITH AND GRADY v. THE UNITED KINGDOM (ARTICLE 41),False,False,True,1
460,CASE OF PARADISO AND CAMPANELLI v. ITALY,False,False,True,1
461,CASE OF LUCZAK v. POLAND,True,False,False,-1
462,CASE OF OZGUR GUNDEM v. TURKEY,False,False,True,1
463,CASE OF DIMITROV AND OTHERS v. BULGARIA,False,False,True,1
464,CASE OF OBLUK v. SLOVAKIA,True,False,False,-1
465,CASE OF XERO FLOR w POLSCE sp. z o. o. v. POLAND,True,False,False,-1
466,CASE OF ERDAGÖZ v. TURKEY,False,False,True,1
467,CASE OF FC MRETEBI v. GEORGIA,False,False,True,1
468,CASE OF TİBET MENTEŞ AND OTHERS v. TURKEY,True,False,False,-1
469,CASE OF URBARSKA OBEC TRENCIANSKE BISKUPICE  v. SLOVAKIA,False,False,True,1
470,CASE OF GÖZÜM v. TURKEY,True,False,False,-1
471,CASE OF BELOUSOV v. UKRAINE,False,False,True,1
472,CASE OF ALLARD v. SWEDEN,False,False,True,1
473,CASE OF BEIAN v. ROMANIA [Extracts],False,False,True,1
474,CASE OF MUTISHEV AND OTHERS v. BULGARIA,True,False,False,-1
475,CASE OF BURDOV v. RUSSIA (No. 2),False,False,True,1
476,CASE OF O'KEEFFE v. IRELAND,False,False,True,1
477,CASE OF LÓPEZ OSTRA v. SPAIN,False,False,True,1
478,CASE OF KAY AND OTHERS v. THE UNITED KINGDOM,False,True,True,0 1
479,CASE OF VAREY v. THE UNITED KINGDOM,False,True,False,0
480,CASE OF GUERRA AND OTHERS v. ITALY,False,False,True,1
481,CASE OF CHASSAGNOU AND OTHERS v. FRANCE,False,False,True,1
482,CASE OF SÜZER AND EKSEN HOLDİNG A.Ş. v. TURKEY,True,False,False,-1
483,CASE OF GALUASHVILI v. GEORGIA,False,False,True,1
484,CASE OF ROSINSKI v. POLAND,False,False,True,1
485,CASE OF ODIEVRE v. FRANCE,False,False,True,1
486,CASE OF VALLIANATOS AND OTHERS v. GREECE,True,False,True,-1 1
487,CASE OF CHAHAL v. THE UNITED KINGDOM,False,False,True,1
488,CASE OF EON v. FRANCE [Extracts],False,False,True,1
489,CASE OF DELIJORGJI v. ALBANIA,False,False,True,1
490,CASE OF A. v. CROATIA,False,False,True,1
491,CASE OF RATZENBÖCK AND SEYDL v. AUSTRIA,True,False,False,-1
492,CASE OF POLYAKH AND OTHERS v. UKRAINE,True,False,False,-1
493,CASE OF HAJDUOVÁ v. SLOVAKIA,False,False,True,1
494,CASE OF ŞAYLI v. TURKEY,True,True,False,-1 0
495,CASE OF BALOGH v. HUNGARY,False,False,True,1
496,CASE OF FUKLEV v. UKRAINE,False,False,True,1
497,CASE OF TULESHOV AND OTHERS v. RUSSIA,False,True,False,0
498,CASE OF McCANN v. THE UNITED KINGDOM,False,True,True,0 1
499,CASE OF PIBERNIK v. CROATIA,False,True,True,0 1
500,CASE OF LUSTIG-PREAN AND BECKETT v. THE UNITED KINGDOM,False,False,True,1
501,CASE OF KOPECKÝ v. SLOVAKIA,False,False,True,1
502,CASE OF McMICHAEL v. THE UNITED KINGDOM,False,False,True,1
503,CASE OF PFEIFER v. AUSTRIA,False,False,True,1
504,CASE OF FAYED v. THE UNITED KINGDOM,False,False,True,1
505,CASE OF ZOUBOULIDIS v. GREECE  (No. 2),True,False,False,-1
506,CASE OF HENRY KISMOUN v. FRANCE,False,False,True,1
507,CASE OF ASSOCIATION BURESTOP 55 AND OTHERS v. FRANCE,True,False,False,-1
508,CASE OF RAZA v. BULGARIA,False,False,True,1
509,CASE OF ZEHENTNER v. AUSTRIA,False,True,True,0 1
510,CASE OF AKHVERDIYEV v. AZERBAIJAN,True,False,False,-1
511,CASE OF E.B. v. FRANCE,False,False,True,1
512,CASE OF RESHETNYAK v. RUSSIA,True,False,False,-1
513,CASE OF YURIY NIKOLAYEVICH IVANOV v. UKRAINE,False,False,True,1
514,CASE OF VARNAVA AND OTHERS v. TURKEY,False,False,True,1
515,CASE OF VARBANOV v. BULGARIA,False,False,True,1
516,CASE OF STANCIAK v. SLOVAKIA,False,False,True,1
517,CASE OF CARDOT v. FRANCE,False,False,True,1
518,CASE OF ZAYKINA v. RUSSIA,False,True,False,0
519,CASE OF RAMISHVILI AND KOKHREIDZE v. GEORGIA,False,False,True,1
520,CASE OF PAPLAUSKIENĖ v. LITHUANIA,False,False,True,1
521,CASE OF VRZIĆ v. CROATIA,True,True,True,-1 0 1
522,CASE OF LINDHEIM AND OTHERS v. NORWAY,False,False,True,1
523,CASE OF GROZDANIĆ AND GRŠKOVIĆ-GROZDANIĆ v. CROATIA,True,False,False,-1
524,CASE OF HASANALI ALIYEV AND OTHERS v. AZERBAIJAN,True,False,False,-1
525,CASE OF ARTUN AND OTHERS v. TURKEY,True,True,True,-1 0 1
526,CASE OF ROUSK v. SWEDEN,True,True,True,-1 0 1
527,CASE OF PARDO v. FRANCE (REVISION – MERITS),False,False,True,1
528,CASE OF DRAGOJEVIĆ v. CROATIA,True,False,False,-1
529,CASE OF TUREK v. SLOVAKIA,True,False,False,-1
530,CASE OF ÖZTÜRK v. TURKEY,False,False,True,1
531,CASE OF SCHERER v. SWITZERLAND,False,False,True,1
532,CASE OF D.P. & J.C. v. THE UNITED KINGDOM,False,False,True,1
533,CASE OF LOIZIDOU v. TURKEY (ARTICLE 50),False,False,True,1
534,CASE OF TCHANKOTADZE v. GEORGIA,True,False,False,-1
535,CASE OF BELLET v. FRANCE,False,False,True,1
536,CASE OF AKTAŞ v. TURKEY,False,False,True,1
537,CASE OF HORVAT v. CROATIA,False,False,True,1
538,CASE OF TAGAYEVA AND OTHERS v. RUSSIA,True,False,False,-1
539,CASE OF VINCENT v. FRANCE,True,False,False,-1
540,CASE OF XENIDES-ARESTIS v. TURKEY,True,False,False,-1
541,CASE OF ZALOV AND KHAKULOVA v. RUSSIA,True,False,False,-1
542,CASE OF GOGINASHVILI v. GEORGIA,True,False,False,-1
543,CASE OF BEINAROVIČ AND OTHERS v. LITHUANIA,False,False,True,1
544,CASE OF MEMBERS OF THE GLDANI CONGREGATION OF JEHOVAH'S WITNESSES AND OTHERS v. GEORGIA,False,False,True,1
545,CASE OF ESMUKHAMBETOV AND OTHERS v. RUSSIA,True,False,False,-1
546,CASE OF STRETCH v. THE UNITED KINGDOM,False,False,True,1
547,CASE OF RAMOS NUNES DE CARVALHO E SÁ v. PORTUGAL,True,False,False,-1
548,CASE OF MELLACHER AND OTHERS v. AUSTRIA,False,False,True,1
549,CASE OF COMINGERSOLL S.A. v. PORTUGAL,False,False,True,1
550,CASE OF VALDGARDT v. RUSSIA,False,True,False,0
551,CASE OF BELYAEV AND DIGTYAR v. UKRAINE,True,False,False,-1
552,CASE OF ĆOSIĆ v. CROATIA,True,True,True,-1 0 1
553,CASE OF HUNT v. UKRAINE,False,False,True,1
554,CASE OF NAVALNYY AND YASHIN v. RUSSIA,True,False,False,-1
555,CASE OF GAVRIL YOSIFOV v. BULGARIA,False,False,True,1
556,CASE OF METAXAS v. GREECE,False,False,True,1
557,CASE OF IRINA SMIRNOVA v. UKRAINE,True,False,True,-1 1
558,CASE OF GRANDE STEVENS AND OTHERS v. ITALY,True,False,False,-1
559,CASE OF PANTEA v. ROMANIA,True,False,False,-1
560,CASE OF DOĞAN AND OTHERS v. TURKEY,False,True,True,0 1
561,CASE OF GRZELAK v. POLAND,True,False,False,-1
562,CASE OF VAN DROOGENBROECK v. BELGIUM (ARTICLE 50),False,False,True,1
563,CASE OF KLAUS AND YURI KILADZE v. GEORGIA,False,False,True,1
564,CASE OF DEPA v. POLAND,False,False,True,1
565,CASE OF LARKOS v. CYPRUS,False,True,True,0 1
566,CASE OF KHACHATRYAN AND KONOVALOVA v. RUSSIA,True,False,False,-1
567,CASE OF LULI AND OTHERS v. ALBANIA,False,False,True,1
568,CASE OF KARNER v. AUSTRIA,False,False,True,1
569,CASE OF ORLIC v. CROATIA,True,True,True,-1 0 1
570,CASE OF MIKHEYEV v. RUSSIA,True,False,True,-1 1
571,CASE OF FRYDLENDER v. FRANCE,False,False,True,1
572,CASE OF DAKUS v. UKRAINE,False,True,False,0
573,CASE OF TOTH v. AUSTRIA,False,False,True,1
574,CASE OF BUCKLAND v. THE UNITED KINGDOM,False,True,True,0 1
575,CASE OF MURRAY v. THE NETHERLANDS,False,False,True,1
576,CASE OF MEGADAT.COM SRL v. MOLDOVA,False,False,True,1
577,CASE OF FRENDO RANDON AND OTHERS  v. MALTA,False,False,True,1
578,CASE OF BOCHAN v. UKRAINE (No. 2),False,False,True,1
579,CASE OF AMROLLAHI v. DENMARK,False,False,True,1
580,CASE OF CHAPMAN v. THE UNITED KINGDOM,False,True,True,0 1
581,CASE OF UÇAR v. TURKEY,True,False,False,-1
582,CASE OF POPOV v. MOLDOVA (No. 2),False,False,True,1
583,CASE OF PLA AND PUNCERNAU v. ANDORRA,True,False,False,-1
584,CASE OF STANKOVA v. SLOVAKIA,False,True,True,0 1
585,CASE OF GANEYEVA v. RUSSIA,False,True,False,0
586,CASE OF RYABYKH v. RUSSIA,False,False,True,1
587,CASE OF PROKOPOVICH v. RUSSIA,False,True,True,0 1
588,CASE OF HENTRICH v. FRANCE (INTERPRETATION),False,False,True,1
589,CASE OF I. BILGIN v. TURKEY,False,False,True,1
590,CASE OF GUISO-GALLISAY v. ITALY,False,False,True,1
591,CASE OF GROSHEV v. RUSSIA,False,False,True,1
592,CASE OF PAJIĆ v. CROATIA,True,False,False,-1
593,CASE OF SEMSI ONEN v. TURKEY,False,False,True,1
594,CASE OF ROMAN ZAKHAROV v. RUSSIA,False,False,True,1
595,CASE OF PETROVIC v. AUSTRIA,False,False,True,1
596,CASE OF MARCKX v. BELGIUM,False,False,True,1
597,CASE OF Y.Y. v. RUSSIA,True,False,False,-1
598,CASE OF IMMOBILIARE SAFFI v. ITALY,False,False,True,1
599,CASE OF MENNITTO v. ITALY,False,False,True,1
600,CASE OF A.B. v. RUSSIA,True,False,False,-1
601,CASE OF KHADIJA ISMAYILOVA v. AZERBAIJAN,True,False,False,-1
602,CASE OF VALIULIENĖ v. LITHUANIA,False,False,True,1
603,CASE OF SAVINY v. UKRAINE,False,False,True,1
604,CASE OF HATTON AND OTHERS v. THE UNITED KINGDOM,False,False,True,1
605,CASE OF CHELU v. ROMANIA,True,False,False,-1
606,CASE OF LEANDER v. SWEDEN,False,False,True,1
607,CASE OF SALGUEIRO DA SILVA MOUTA v. PORTUGAL,False,False,True,1
608,CASE OF SCOZZARI AND GIUNTA v. ITALY,False,False,True,1
609,CASE OF BAGDONAVICIUS AND OTHERS v. RUSSIA,True,False,False,-1
610,CASE OF MUZEVIC v. CROATIA,True,False,False,-1
611,CASE OF CENI v. ITALY,True,False,False,-1
612,CASE OF ALIM v. RUSSIA,True,False,False,-1
613,CASE OF CAPITAL BANK AD v. BULGARIA,False,False,True,1
614,CASE OF KİPRİTCİ v. TURKEY,False,False,True,1
615,CASE OF JEANTY v. BELGIUM,True,False,False,-1
616,CASE OF GOLDER v. THE UNITED KINGDOM,False,False,True,1
617,CASE OF DEPALLE v. FRANCE,False,False,True,1
618,CASE OF NURMAGOMEDOV v. RUSSIA,True,False,False,-1
619,CASE OF DUBETSKA AND OTHERS v. UKRAINE,True,False,True,-1 1
620,CASE OF LAMBERT AND OTHERS v. FRANCE,False,False,True,1
621,CASE OF PAKETOVA AND OTHERS v. BULGARIA,True,False,False,-1
622,CASE OF BEVACQUA AND S. v. BULGARIA,False,False,True,1
623,CASE OF ROCHE v. THE UNITED KINGDOM,False,False,True,1
624,CASE OF BAKLANOV v. UKRAINE,True,False,False,-1
625,CASE OF ALTUN v. TURKEY,True,True,True,-1 0 1
626,CASE OF KURBAN v. TURKEY,True,False,False,-1
627,CASE OF ÇAKICI v. TURKEY,False,False,True,1
628,CASE OF ZVOLSKÝ AND ZVOLSKÁ v. THE CZECH REPUBLIC,False,False,True,1
629,CASE OF TIMURTAS v. TURKEY,False,False,True,1
630,CASE OF A.-M.V. v. FINLAND,True,False,False,-1
631,CASE OF EGMEZ v. CYPRUS,False,False,True,1
632,CASE OF S.L. AND J.L. v. CROATIA,True,False,False,-1
633,CASE OF IVANOVA AND CHERKEZOV v. BULGARIA,True,True,True,-1 0 1
634,CASE OF ATES v. TURKEY,False,True,False,0
635,CASE OF RAIMONDO v. ITALY,False,False,True,1
636,CASE OF BROGAN AND OTHERS v. THE UNITED KINGDOM,False,False,True,1
637,CASE OF HASANBASIC v. SWITZERLAND,True,False,False,-1
638,CASE OF MYKHAYLENKY AND OTHERS v. UKRAINE,False,False,True,1
639,CASE OF DARSIGOVA v. RUSSIA,False,True,False,0
640,CASE OF INCE AND OTHERS v. TURKEY,False,True,False,0
641,CASE OF SOLOVEY AND ZOZULYA v. UKRAINE,False,False,True,1
642,CASE OF BEYELER v. ITALY,False,False,True,1
643,CASE OF DUBSKÁ AND KREJZOVÁ v. THE CZECH REPUBLIC,True,False,False,-1
644,CASE OF AL-SKEINI AND OTHERS v. THE UNITED KINGDOM,True,False,False,-1
645,"CASE OF BARBERÀ, MESSEGUÉ AND JABARDO v. SPAIN (ARTICLE 50)",False,False,True,1
646,CASE OF AKDİVAR AND OTHERS v. TURKEY (ARTICLE 50),False,False,True,1
647,CASE OF SADOVYAK v. UKRAINE,False,True,False,0
648,CASE OF INDUSTRIAL FINANCIAL CONSORTIUM INVESTMENT METALLURGICAL UNION v. UKRAINE,True,False,False,-1
649,CASE OF ORŠUŠ AND OTHERS v. CROATIA,True,False,False,-1
650,CASE OF DEMİR AND BAYKARA v. TURKEY,False,False,True,1
651,CASE OF MADAUS v. GERMANY,False,False,True,1
652,CASE OF VAN RAALTE v. THE NETHERLANDS,False,False,True,1
653,CASE OF BELOVA v. RUSSIA,True,False,False,-1
654,CASE OF TUDOR TUDOR v. ROMANIA,False,False,True,1
655,CASE OF GATT v. MALTA,True,False,False,-1
656,CASE OF AĞTAŞ v. TURKEY,True,True,False,-1 0
657,CASE OF PANCHENKO v. UKRAINE,False,False,True,1
658,CASE OF BURDOV v. RUSSIA,False,False,True,1
659,CASE OF AUSTRIANU v. ROMANIA,True,False,False,-1
660,CASE OF KASPAROV AND OTHERS v. RUSSIA,True,False,False,-1
661,CASE OF JOHNSTON AND OTHERS v. IRELAND,False,False,True,1
662,CASE OF ARVELAKIS v. GREECE,False,False,True,1
663,CASE OF P.N. v. GERMANY,True,False,False,-1
664,CASE OF IDALOV v. RUSSIA,True,False,False,-1
665,CASE OF V.C. v. SLOVAKIA,False,False,True,1
666,CASE OF JAMES AND OTHERS v. THE UNITED KINGDOM,False,False,True,1
667,CASE OF YEVDOKIMOV AND OTHERS v. RUSSIA,True,False,False,-1
668,CASE OF IORDACHE v. ROMANIA,True,False,False,-1
669,CASE OF ZRILIĆ v. CROATIA,False,True,False,0
670,CASE OF SCOLLO v. ITALY,False,False,True,1
671,CASE OF RANINEN v. FINLAND,False,False,True,1
672,CASE OF ISKANDAROV v. RUSSIA,True,False,False,-1
673,CASE OF SALONTAJI-DROBNJAK v. SERBIA,False,False,True,1
674,CASE OF H.F. v. SLOVAKIA,False,False,True,1
675,CASE OF PELIPENKO v. RUSSIA,False,True,False,0
676,"CASE OF SAMPANIS AND OTHERS v. GREECE - [English Translation] by European Roma Rights Centre ""ERRC""",True,False,False,-1
677,CASE OF VELOSA BARRETO v. PORTUGAL,False,False,True,1
678,CASE OF KOLYADENKO AND OTHERS v. RUSSIA,True,False,False,-1
679,CASE OF KALUCZA v. HUNGARY,False,False,True,1
680,CASE OF KOCHEROV AND SERGEYEVA v. RUSSIA,False,False,True,1
681,CASE OF DEMİR AND OTHERS v. TURKEY,False,False,True,1
682,CASE OF VILHO ESKELINEN AND OTHERS v. FINLAND,False,False,True,1
683,CASE OF RUIANU v. ROMANIA,False,False,True,1
684,CASE OF McKERR v. THE UNITED KINGDOM,False,False,True,1
685,CASE OF DALBAN v. ROMANIA,False,False,True,1
686,CASE OF RUIZ TORIJA v. SPAIN,False,False,True,1
687,CASE OF MASTROMATTEO v. ITALY,False,False,True,1
688,CASE OF RATUSHNA v. UKRAINE,True,False,False,-1
689,CASE OF WINTERSTEIN AND OTHERS v. FRANCE [Extracts],True,True,True,-1 0 1
690,CASE OF BESHIRI AND OTHERS v. ALBANIA,True,False,False,-1
691,CASE OF LEMO AND OTHERS v. CROATIA,False,True,True,0 1
692,CASE OF MAGO AND OTHERS v. BOSNIA AND HERZEGOVINA,False,False,True,1
693,CASE OF APOSTOL v. GEORGIA,False,False,True,1
694,"CASE OF KJELDSEN, BUSK MADSEN AND PEDERSEN v. DENMARK",False,False,True,1
695,CASE OF CAMPBELL v. THE UNITED KINGDOM,False,False,True,1
696,CASE OF MINASYAN AND SEMERJYAN v. ARMENIA,False,False,True,1
697,CASE OF SAKIK AND OTHERS v. TURKEY,False,False,True,1
698,CASE OF VELIKOVA v. BULGARIA,False,False,True,1
699,CASE OF HORVÁTH AND KISS v. HUNGARY,True,False,False,-1
700,CASE OF A.A. AND OTHERS v. NORTH MACEDONIA,True,False,False,-1
701,CASE OF GIORGI NIKOLAISHVILI v. GEORGIA,False,False,True,1
702,CASE OF THE FORMER KING OF GREECE AND OTHERS v. GREECE,False,False,True,1
703,CASE OF N.A. AND OTHERS  v. TURKEY,False,False,True,1
704,CASE OF AVSAR v. TURKEY,False,False,True,1
705,CASE OF HORNSBY v. GREECE (ARTICLE 50),False,False,True,1
706,CASE OF IDENTOBA AND OTHERS v. GEORGIA,True,False,False,-1
707,CASE OF NIKOLOVA v. BULGARIA,False,False,True,1
708,CASE OF INZE v. AUSTRIA,False,False,True,1
709,CASE OF LISEYTSEVA AND MASLOV v. RUSSIA,True,False,False,-1
710,CASE OF CONNORS v. THE UNITED KINGDOM,True,True,True,-1 0 1
711,CASE OF KHODORKOVSKIY v. RUSSIA,True,False,False,-1
712,CASE OF COSSEY v. THE UNITED KINGDOM,False,False,True,1
713,CASE OF SELÇUK AND ASKER v. TURKEY,False,True,True,0 1
714,CASE OF ČONKA v. BELGIUM,False,False,True,1
715,CASE OF TOPEKHIN v. RUSSIA,True,False,False,-1
716,CASE OF SALMAN v. TURKEY,False,False,True,1
717,CASE OF BUCKLEY v. THE UNITED KINGDOM,False,True,True,0 1
718,CASE OF BAYEV AND OTHERS v. RUSSIA,True,False,False,-1
719,CASE OF JABLONSKI v. POLAND,False,False,True,1
720,CASE OF ANATOLIY MARINOV v. BULGARIA,True,False,False,-1
721,CASE OF POPANDOPULO v. RUSSIA,True,False,False,-1
722,CASE OF CICEK v. TURKEY,False,False,True,1
723,CASE OF VUJICA v. CROATIA,True,False,False,-1
724,CASE OF THE RELIGIOUS DENOMINATION OF JEHOVAH'S WITNESSES IN BULGARIA v. BULGARIA,True,False,False,-1
725,CASE OF YEVGENIY ZAKHAROV v. RUSSIA,False,True,True,0 1
726,CASE OF TALPIS v. ITALY,False,False,True,1
727,CASE OF RIBITSCH v. AUSTRIA,False,False,True,1
728,CASE OF GLADYSHEVA v. RUSSIA,True,True,True,-1 0 1
729,CASE OF JUSSILA v. FINLAND,False,False,True,1
730,CASE OF YAKOVLEV v. RUSSIA,False,False,True,1
731,CASE OF KHAMZAYEV AND OTHERS v. RUSSIA,True,False,False,-1
732,CASE OF SAGHATELYAN v. ARMENIA,False,False,True,1
733,CASE OF O'HARA v. THE UNITED KINGDOM,False,False,True,1
734,CASE OF EDWARDS v. MALTA,False,False,True,1
735,CASE OF JANSONS v. LATVIA,True,False,False,-1
736,CASE OF OAO NEFTYANAYA KOMPANIYA YUKOS v. RUSSIA,False,False,True,1
737,CASE OF VERNILLO v. FRANCE,False,False,True,1
738,CASE OF V.D. AND OTHERS v. RUSSIA,True,False,False,-1
739,CASE OF ÖZTOPRAK AND OTHERS v. TURKEY,True,True,False,-1 0
740,CASE OF STOLYAROVA v. RUSSIA,False,True,False,0
741,CASE OF BREZOVEC v. CROATIA,False,False,True,1
742,CASE OF RELIGIOUS COMMUNITY OF JEHOVAH'S WITNESSES OF KRYVYI RIH'S TERNIVSKY DISTRICT v. UKRAINE,True,False,False,-1
743,CASE OF SARAÇ AND OTHERS v. TURKEY,True,False,False,-1
744,CASE OF LUNDEVALL v. SWEDEN,False,False,True,1
745,CASE OF SIMSEK AND OTHERS v. TURKEY,True,False,False,-1
746,CASE OF KIKABIDZE v. GEORGIA,True,False,False,-1
747,CASE OF OĞUR v. TURKEY,False,False,True,1
748,CASE OF MIFSUD v. MALTA,True,False,False,-1
749,CASE OF WIECZOREK v. POLAND,False,False,True,1
750,CASE OF SLIVENKO v. LATVIA,False,False,True,1
751,CASE OF ÜNSPED PAKET SERVİSİ SAN. VE TİC. A.Ş. v. BULGARIA,True,False,False,-1
752,CASE OF VILELA AND OTHERS v. PORTUGAL,True,False,False,-1
753,CASE OF T.P. AND K.M. v. THE UNITED KINGDOM,False,False,True,1
754,CASE OF CRUZ VARAS AND OTHERS v. SWEDEN,False,False,True,1
755,CASE OF KOLONA v. CYPRUS,False,False,True,1
756,CASE OF NOVOSELETSKIY v. UKRAINE [Extracts],True,True,True,-1 0 1
757,CASE OF MENTEŞ AND OTHERS v. TURKEY,False,True,True,0 1
758,CASE OF Z AND OTHERS v. THE UNITED KINGDOM,False,False,True,1
759,CASE OF THLIMMENOS v. GREECE,False,False,True,1
760,CASE OF SANGLIER v. FRANCE,False,False,True,1
761,CASE OF TARBUK v. CROATIA,True,False,True,-1 1
762,CASE OF BOULOIS v. LUXEMBOURG,False,False,True,1
763,CASE OF ÇETİN AND OTHERS v. TURKEY [Extracts],False,False,True,1
764,CASE OF KUNASHKO v. RUSSIA,False,False,True,1
765,CASE OF BREŽEC v. CROATIA,True,True,True,-1 0 1
766,CASE OF TCHOKHONELIDZE v. GEORGIA,True,False,False,-1
767,CASE OF SERYAVIN AND OTHERS v. UKRAINE,False,False,True,1
768,CASE OF ANHEUSER-BUSCH INC. v. PORTUGAL,False,False,True,1
769,CASE OF LÓPEZ GUIÓ v. SLOVAKIA,True,False,False,-1
770,CASE OF SIDLOVA v. SLOVAKIA,True,False,False,-1
771,CASE OF BULDAN v. TURKEY,False,False,True,1
772,CASE OF PATSURIA v. GEORGIA,False,False,True,1
773,CASE OF DIKME v. TURKEY,False,False,True,1
774,CASE OF FERNÁNDEZ MARTÍNEZ v. SPAIN,True,False,False,-1
775,CASE OF DIMITAR ANGELOV v. BULGARIA,True,False,False,-1
